,Review,Rating
0,3D Touch просто восхитительная вещь! Заряд держит целый день. В розовом цвете смотрится очень необычно. Touch ID очень быстрый и удобный. Всем советую этот телефон!,5
1,"Отключается при температуре близкой к нулю, непонятно ведет себя батарея",4
2,"В Apple окончательно решили не заморачиваться, делая незначительные изменения в телефоне, выдают эти изменения за инновации. На этот раз скопировали не только функционал, но и дизайн. Цена и была неадекватно завышена, а после скачка курса так и говорить об этом не приходится. Многие скажут, что и HD разрешения будет достаточно для такой диагонали, может так оно и есть, но аппарат позиционируется, как топовое решение, а в итоге получаем банальную экономию производителя, ведь что произойдёт с временем работы, если увеличить до FHD?! 1 гб оперативки тоже прошлый век! И не надо рассказывать сказки про великолепную оптимизацию iOS, чудес на свете не бывает, этого мало. Те кто скажет, что их не волнуют технические характеристики смартфона, главное чтоб он хорошо работал, телефон за 5000 будет так же хорошо работать, а отдавая (выбрасывая) 55000 нужно думать головой и понимать, что этих денег данный телефон просто непросто не может стоить! Про удобство использования стоит отметить, что больший по размерам Note 4 гораздо лучше лежит в руке и пользоваться им сподручнее.",3
3,"Постарался наиболее ёмко и коротко описать все основные плюсы и минусы. Большим мне аппарат не показался, размеры - что надо. Внешний вид, как для меня, так 5-ка выглядит интереснее и солиднее.",4
4,Достойный телефон. Пользоваться одно удовольствие.,5
5,6s gold 64gb,5
6,"Мой первый айфон. Скажу честно- Эппл ранее никогда в руках не держала, хотелось попробовать что-то новое, андроид уж слишком приелся. Первое, что порадовало- это дизайн и качество сборки. Тут все на высоте. Постоянно любуюсь телефоном, но он без чехла скользкий. Дисплей шикарный. Яркий, насыщенный, все летает. Как будто попадаешь в другой мир. Батарейка-не знаю почему все жалуются. За неё, кстати, переживала. Ан нет, на день с головой хватает.  Камера очень хорошая, очень четкая, яркая, быстрая. Селфи камера тоже крутая, не шумит, хороший угол обзора. Live photo - как по мне бред) 3D Touch - пока непривычно, часто вместо нажатия сильнее просто зажимаю, но думаю что освою, правда потом будет наверно трудно андроид в руки взять (хотя может к тому моменту эта фишка и везде появится). iOS - не знаю как там раньше, не могу сравнить, но пока мне нравится. Все просто, ничего лишнего, никакого мусора. Все очень понятно. iTunes - ребят вы о чем? Какие танцы с бубном? Я никогда в глаза этой проги не видела и с Эпплом не ""дружу"", но в тунце за 5 минут разобралась)) Сеть держит хорошо, вибрация суперская, экран не царапается. Теперь о минусах- пока их обнаружила не много, но есть. В клавиатуре нельзя поместить курсор на середину слова. Блин ну как так? Вроде мелочь да, но иногда нужно. Во многих группах вк пишет что контент запрещён, что ни делай. Может это Эппл, а может и Крымские санкции, так что точно не знаю, решилось сторонним приложением вк. Иногда при загрузке из аппстора повисает, спасает перезагрузка. Отключаешь уведомления а он все равно вылезает. Цена -жа,высокая,но не только на него, посмотрите на доллар. На данный момент для меня больше минусов нет. Ну и обидно, конечно, что айфон стал Попсовым телефоном, признаком роскоши и статуса, алло это телефон!!",5
7,"Мне очень понравилась эта модель! Во-первых классный дизайн,  во-вторых круто снимает в помещении, за счет позволяя понизить ISO, что очень сильно порадовало, во-третьих  на мой взгляд он  совершенно  не тормозит и у него очень четкая и плавная картинка, всем советую)",5
8,"Долгое время пользовалась iPhone 5s 16Gb. Он меня более чем устраивал, но в какой-то момент, я осознала, что есть в нём некоторые минусы. Памяти катастрофически не хватало, экран казался маленьким, читать долго текст было неудобно. И я решилась купить телефон на Андроиде. Вроде и телефон был хороший и всё в нём есть, экран большой, памяти можно добавить, сколько хочешь. Но, видимо, я настолько привыкла к IOS, да и качество камеры, которое для меня очень важно, было отвратительным, что отходила с ним максимум месяц. И вот решила приобрести iPhone 6. Ошибку с выбором памяти, как с предыдущим iPhone, я допускать не стала и выбрала модель на 64Gb. Было непривычно, что кнопка блокировки находится сбоку, но это оказалось намного удобнее. Телефон очень удобно лежит в руке, новый дизайн мне очень нравится, особенно в белом цвете. По функциям особого отличия от iPhone 5s я не нашла, привычный и удобный touch id, камера такая же, как на 5s, снимки получаются отличного качества, как на основную, так и на фронтальную. Также я заметила, что он хорошо держит батарею, даже при активном использовании. Телефон меня полностью устраивает.",5
9,"Раньше был Samsung Galaxy Alpha SM-G850F 32Gb, купил Iphone 6 16 Gb, экран подходящий, но на Iphone 6 мало памяти для такой цены. Для комфорта лучше взять 64 Gb. Прилично греется в играх. Понравился сенсор отпечатков. Работает очень хорошо.  В совокупности характеристик и возможностей реальная цена ему 20-25 тыс. Но никак не 32. В целом рекомендую к покупке, но сначала проверьте себя на apple-совместимость, взяв любой телефон от apple у друзей или знакомых.",4
10,"Бесит, что защитные стекла все идут не на весь экран а по краям значительное расстояние идет из-за скошенных углов;(Батарею бы хотелось помощнее, увы она в шестерке тоже не фонтан. Желательно чехол сразу да такой, чтоб все углы защищал, а то алюминиевый корпус царапается в два счёта и при падении и при носке в кармане с ключами;))",5
11,"Вот уже третий год радует телефон, а с ios10 стал еще быстрее и плавнее. На 7-ку даже как-то сложно перейти, ибо аппарат до сих пор ну очень хорошо справляется со своими обязанностями)",5
12,"Телефонами apple пользуюсь с выхода модели 3G и отличной эту модель уже назвать не могу. Просто качественный хороший смартфон. Не хуже других, что для продукции Apple должно звучать оскорблением. Тонкий корпус с закругленными, ставшими узкими, гранями не особо обрадовал. В руках ощущается скользким, особенно когда надо добраться до верхнего края экрана. Невольно задумаешься, что рано или поздно выскользнет. Проблему решил родной кожаный чехол, он реально классный, всем смело рекомендую, правда до этого я не на одной модели аксессуарами не пользовался. Так что плюс это или минус решайте сами. Кроме размера коренных отличий от 5S не вижу. Очень удивил мелкий глюк - при выводе списка абонентов при их прокручивании вниз экрана на самый последний невозможно нажать, он сразу прячется за нижний край, не смертельно, конечно, но раньше я подобных огрехов за яблоком вообще не помню. В целом хороший, добротный телефон.",4
13,"Аккумулятора в стандартном режиме всегда хватает на полный день. При необходимости беру с собой внешний аккумулятор - лучше так (имхо), чем портить дизайн и увеличивать толщину устройства ради большего аккумулятора.",5
14,"После 5s чувствуется разница в первую очередь в скорости работы и аккумуляторе. Размер корпуса стал больше, удобнее смотреть фильмы. Фото живые - отличное качество, много разных функций у камеры. Отличный айфон, всем советую!",5
15,"Мне показалось, что телефон очень прочный, роняла его много раз, и, благо, без последствий. Единственная причина по которой я бы хотела сменить телефон, это память, мне 64гб не хватает, так как уже на телефоне 10к фото, однако и эта проблема по своему решаема, можно купить Айклауд память аж на 2Т. Поэтому если Вы в 2018 году думаете брать или не брать 6S — берите! За его нынешнюю стоимость это прекрасный аппарат!",5
16,"Покупали сразу два - черный и золотой. Пользуюсь айфонами с модели 3g и могу сказать что 6 - реально лучший айфон. Чего нельзя было сказать, к примеру, о 5 и 5S. Очень тонкий, приятный монолитный корпус со скруглёнными гранями, отлично лежит в руке. К размерам после предыдущих моделей привыкаешь за пару дней, и они уже кажутся очень мелкими. Такой размер экрана - идеальный, и не слишком большой, и не слишком маленький, как на айфоне 4. Реально айфон 4 после этого - как спичечный коробок. очень хороший громкий звук, отлично ловит сет, выдает прекрасную производительность, можно спокойно рубиться в WOT без каких либо лагов. за несколько месяцев - ни одной царапины и потёртости несмотря на использование без чехла. НЕ гнётся. Проверено на собственных джинсах.))В общем, лучший смартфон на рынке, каждый раз берешь его в руки и чувствуешь настоящую качествнную вещь.",5
17,"В целом аппарат кайфовый, но цена нынешняя пугает все в том числе и меня)) Купил за 56490руб. Даже друзья боятся его брать в руки)). Я долго выбирал этот аппарат много вариантов разных перебрал но самым удобным в эксплуатации оказался именно этот. Если финансы позволяют то советую лучше и удобнее пока ничего не предумали.",5
18,"Проблемы чисто софтверные, и выражаются в явном неуважении компании к своим клиентам.",3
19,"Полный офис яблочников с многолетним стажем. За день общения, консультаций, личного участия музыку с ПК через iTunes так и не залили. В виде винегрета-это без проблем, а строго по исполнителям, альбомам, годам - фиг вам. В исходниках музыки все ОК, но ""яблоку"" виднее и переименовывает по своему разумению, как правило в неизвестных солдат. Самому ручками 15гиг музыки переименовывать после Тюнса как-то в облом. Телефонная книга с gmail.com тоже не сразу правильно встала.ОС телефона и софт заточены под выполнение строгих правил Apple. Это вам не вольное общение с Андроид. Смирно и в ногу. На кой ляд купил - жалею. Жил с Моторолой без проблем...",3
20,"Приятный телефон в использовании, Камера на 5, цвета на экране отлично отображаются. Быстро садится батарея, впрочем, по-моему, это беда всех смартфонов при активном пользовании",5
21,"Я не знаю, попался ли мне брак, или Администрация салона была настолько безответственная! Просто обидно, когда телефон за 50 т.р выпадает с такими характеристиками. Аккумулятор работал нормально, но через месяц после того, как мы поменяли на новый, он стал менее автономным. Я не стал объяснять в недостатках, как я исправлял все эти , ибо просто позорно, что компания не может обеспечить пользователю плавную работу смартфона, да ещё и за такие бешеные бабки.",2
22,"Всем заядлым ""яблочникам"" хочу сказать,что чувства смешанные. Вроде и одна из последних моделей (на время покупки) и на селфи перед зеркалом очень симпатичная модель телефона, но:Любителям селфи - фронтальная камера не оч. и 16 гб маловато для хранения всех фоток и видео.Лично я использую различные облачные ресурсы, таким образом решила проблему с нехваткой памяти и денег на модель с объемом памяти побольше :)Недостатки по корпусу - уж очень он нежный,особенно при смене чехлов. В задний карман джинс ложила,садилась - не согнулся.Сильная сторона телефона - дисплей. Крутое изображение, в общем в стиле Apple, добавить нечего. Звук в наушниках хороший, как,собственно и без них. В целом, если как я с 4Sки-переходить стоит, с 5s-смысла вроде нет, только если не хотите экран побольше. Но определенно жду 7ку.",4
23,"Не являюсь особым приверженцом Эппл или Андроид, вполне понимаю, что за эти деньги можно было взять к примеру Самсунг Галакси S7. И писать кипятком. Но писать не очень хотелось, а больше хотелось беспроблемной миграции, перехода, наличие зарядок и шнуров от прошлого айфона, Да и в целом прошлая безпроблемная эксплуатация Айфонов оставила только приятные впечатления.",5
24,"Я часто меняю телефоны, люблю экспериментировать с разными форм-факторами, операционными системами - и за долгий путь от ericsson T10s до этого айфона всего несколько телефонов, что называется, ""легли на душу"". Это Nokia N95 и iPhone 4. Много раз, после продажи четвертого айфона, я пытался достичь того же ""телефонного комфорта"" - но не получалось. В погоне за разрешением, количеством ядер и мегапикселями камеры не получилось вернуть ту простую радость от использования iOS. Оговорюсь - я глубоко субъективен в этом вопросе.Система выросла с тех пор, появилось куча новых возможностей, новый дизайн (господи, как же он мне не нравился поначалу...) - но само удовольствие от процесса взаимодействия с устройством остается. Недавно я брал флагман от xiaomi - отличная, в общем-то, вещь, и miui 6 очень похожа на ios - только вот мелочи портят все! Колоссальный расход батареи даже в простое; зависло там, подлагнуло здесь - это всё сильно бросается в глаза. Это сложно объяснить, наверно это надо испытать самому. Даже тот приятный момент, что мой новый айфон 6 живет уже второй день без подзарядки и тратит в простое несколько процентов за ночь (около 5%). И вот, в итоге, айфон 6 радует меня почти так же, как в свое время радовал айфон 4. Нет, конечно же, прежнего ""вау-эффекта"" - но это добротный девайс для постоянного использования; для любителей фотографировать, слушать музыку и не особо заморачиваться с настройками. В паре с айпадом (у меня Air 1) - вызывает совсем детский восторг :3  Как итог:Качество изготовления отличное. Не люфтит, кнопка home не болтается как на 5s, краска не облезает - внешне похож на обычный современный флагман от самсунг, только из матового алюминия и с яблоком :)Адекватность цены - хм, цена завышена. Это факт, и дело не в жадности.Удобство - сниму балл за iTunes, хотя лично я привык.Итог: 8,5 из 10В целом рекомендую к покупке, но сначала проверьте себя на apple-совместимость, взяв любой девайс от apple у друзей или знакомых.",4
25,"Покупал 6-ку в интернет магазине, перед этими посмотрел в Интернете возможные брак. Мне предложили 6-ку для азиатского рынка (цена 41 с копейками), вот все браки, которые возможно они там присутствуют.  Потом принесли 6-ку для европейского рынка (цена 44 ровно), просто супер, ни каких люфтов, сползаний камер и прочего. Вывод: стоит чуть доплатить и взять хороший, качественный iPhone )))",4
26,"Я для себя понял, что не стоит брать продукцию Apple. Купил эту ошибку природы за 54990 рублей, лучше бы купил Yota Phone.",3
27,"Пользовался около месяца. С точки зрения эргономики - очень не плохо, тонкий, легких, прочный. С точки зрения использования, дно. Не лагает, но бывает что греется при самых простых задачах - типа проверить почту. Привычка кидать трубку на док безпроводной зарядки прошла, удобства это не добавило.Автономка реальная, около 2 часов экрана, или 10-12 часов умеренного использования. При небольшом желании (ЛТЕ + почта + игрушка) сажается за час с небольшим (аппарат РСТ с официального сайта эйпл).В итоге, воспринимается как простая звонилка т.к. расход аккума запредельный, на встречу только с повербанком. Фотки хорошие, из мобильных камер думаю в топ 10. Новый датчик гораздо быстрее чем на 5s.Сравнивая с 5s могу сказать что на лицо ""поле искаженной реальности"", аппарат вроде лучше, но хуже.  Хотя, к макбуку и айпаду никаких претензий. Один из главных плюсов - слил его на ваторичке за 1 день и по весьма вкусной цене.",3
28,"Спустя 1.5 года с SGS5 я снова вернулся в сторону Apple, хотя зарекался. Но внезапная кончина экрана (без падений и прочего) внесла свои коррективы. Долго присматривался к 7ке, но особых преимуществ, кроме сенсорной кнопки home не увидел в повседневной эксплуатации. Все таки очень нравится мне отношение к мелочам и исправление своих же косяков (чего самсунгу со времён СГС4 не хватает). TouchID второго поколения чуть быстрее, батарея чуть лучше, камера чуть быстрее. А forcetouch и Taptic Engine нового поколения вносят свою лепту к комфорту, за который можно просить и закрытость операционной, сложности с синхронизацией (допустим историю переписки с того же WhatsApp он с гугловской учетки тянуть не хочет, когда ведроид спокойно вытаскивал. Короче я доволен, на следующие 1.5-2 года можно не особо париться с заменой аппарата.",5
29,"Довольно долго сопротивлялся смартфонам. Да и сейчас основной звонилкой остается nokia 8800. Но необходимость оставаться мобильным и развитие сетей 4G определили выбор. По началу таскал с собой iPad, но потом перешел на валявшийся без дела iphone4. Удобно черт возьми, но стала утомлять его неторопливость. iphone6 по части быстродействия на голову выше. а джейл дает достаточную свободу действий при работе с файлами и архивами (по старой памяти люблю поковыряться в консоли).Многие могут возразить - вот мол Андроид. Но как то исторически не заладилось еще с версии 2.1. Да и хорошая тушка с андроидом немногим дешевле стоит.",5
30,"Меняю айфоны через один.4S, 5S, 6S.Настроил достаточно быстро.Надо было подумать, как включить исчезнувший режим модема, но в целом все ок.Это качественный продукт, который стоит своих денег. Я пользуюсь им ежедневно на все 100% - почта, инет, приложения и доволен.",4
31,"Купил жене, в замен iphone 6. Отличий 6 от 6S для пользователя реально нет! Ни во внешнем виде (даже не понтанешься=)), ни в функциях (опять же кроме Тач 3Д). Короче вообще нет смысла покупать его, если есть iphone 6. Тем не менее телефон отличный",4
32,"Никаких положительных эмоций этот аппарат у меня не вызывает. Вызывает чувство обиды, потому что реально не стоит это устройство 66т.р. Если бы мой HTC не умер, ходил бы с ним дальше и радовался жизни.",2
33,Купила дочки ей очень понравилось,5
34,"Для меня - лучший телефон. Почему конкретно? Все уже по сто раз написано другими людьми. Безупречный дизайн, мощная начинка, крутейшая оптимизация софта и железа, удобнейшая iOS 9, очень быстрый датчик отпечатка пальцев. Перечислять можно очень долго. Да, дорого. Но оно того стоит. Понимаешь это буквально за пару часов. Всем рекомендую :)",5
35,"Если вы сомневаетесь нужен ли вам iPhone, если вы хотите его купить только ради понтов, а все что вам требуется - это звонить, писать смс и делать селфи, не покупайте iPhone! Если чтобы купить его, вам нужно копить деньги несколько месяцев, не покупайте iPhone!Основное преимущество айфона - это огромный выбор приложений, это мультимедийное устройство для работы и жизни. А дешевые понты айфоном в метро при том, что видно что все что на вас одето стоит дешево, выглядит более чем глупо и неуместно. Особенно жаль тех девочек, которые долго копили или выпрашивали данный кирпич, а потом случайно уронили и разбили стекло, и так и ходят с разбитым, ведь денег на замену стекла уже нет совсем или их настолько жалко.Очень долго пользовался iPhone 3Gs, пока не выронил его в такси. Позже по геолокации телефон определил свое месторасположение в Узбекистане :)Позже пытался пользоваться другими телефонами, но без привычного набора программ прямо как без рук. В итоге приобрел данный девайс, моментально подгрузился весь список контактов и пр. из облака с моего старого айфона.Очень радует, что исчезла необходимость синхронизации с iTunes и устройство спокойно может существовать и обновляться фактически без непосредственного взаимодействия с компьютером.Насчет батарейки, то это не телефон быстро ее разряжает, а использование 3G и LTE. Отключайте сотовые данные и будет вам счастье в виде долгой работы батареи. Андроид-телефоны съедают заряд еще быстрее.",5
36,"Устройство хорошее, ему не нужны характеристики конкурентов, главное, что под свою ОС он заточен идеально, работает хорошо, а после обновлений 8.0.1 и 8.0.2 многие баги уйдут. Брать стоит, но конечная стоимость высоковата, учитывая, что американцам он как стоил эти 700 баксов, так и стоит. А увеличение дисплея для меня и плюс и минус. Осень/зима по Москве особо не поездишь, в метро одной рукой уже не до каждого угла экрана достанешь.",4
37,"Сразу скажу,что это не отзыв а совет людям,которые рассматривают данный телефон и заинтересованы в покупке.Рассказывать обо всех плюсах и минусах я не буду.Отзывов  и обзоров полно. Телефон шикарный,минусы компенсируются плюсами.Но вот одна проблема:цена кусается.Более 30000 рублей!Я не советую брать данный телефон в 2018 году,т.к есть замечательный IPhone SE(Для тех кто в танке,SE-тот же самый iPhone 6s,но в корпусе iPhone 5s.Только у него Touch ID первого поколения,фронтальная камера не 5MP,а 1.2MP и отсутствует Taptic Engine.И стоит эта радость +-20000!Даже за 18 найти можно.А если вам очень нужно пяти мегапиксельную фронтален,Touch ID второго поколения,Taptic Engine и большой экран то берите 6s.Но учтите,можно подкопить и взять уже 7.",5
38,"Очень сильно разочарован компанией SONY. Испортил впечатления от нового телефона то, что после покупки пришлось на ремонт отдать. Разговорный микрофон заменить. На день зарядки еле хватает.",1
39,"Возвращаюсь к Sony после нескольких экспериментов, и пока полностью им доволен. Не сказать, что я в восторге от этого недешёвого аппарата, но всё же и не подумаю искать замену, да и альтернатив ему попросту нет. Многие пожалуются на HD экран вместо FullHD, но на деле это пустые придирки - на таком экране всё прекрасно и четко видно, плюс из-за лишних пикселей пришлось бы ощутимо пожертвовать автономностью. Тем, кто хочет компактный аппарат, которым можно спокойно пользоваться в одной руке, да ещё и с бешеной начинкой, добротной камерой и хорошим звучанием в приправку с отличным брендом - однозначно брать!",5
40,"В целом аппарат отличный! Могу смело рекомендовать к покупке, посмотрим, как со временем себя покажет. Уже кстати за 2 недели использования пару раз летал у меня в машине с держателя для телефона - ничего, выжил, ни царапинки. Насчёт наушников и адаптера для быстрой зарядки скорее придирки, мне это не критично, но согласитесь, было бы приятно видеть всё это из коробки, когда 40к выкладываешь за телефон.",5
41,"В целом, за 300 с небольшим баксов вполне вменяемая цена для данного аппарата. К скорости работы вопросов нет. Батарею держит в среднем около суток - маловато. Прошивка с мелкими багами. Камера снимает не плохо, но могла бы и лучше - опять же проблема ПО.До этого был z3 compact, к нему претензий было на порядок меньше.",4
42,"После старой Соньки z3 compact хотела только соню. Яблоко - нет, спасибо, проходили. У мужа самсунг,  склонял к А8 (он дешевле на несколько тысяч).Но я все равно купила этот маленький xz1.Интерфейс поменялся. Нет быстрого доступа к калькулятору и фото экрана. Непонятно зачем убрали.Аккумулятор - судить рано, год поюзаю - тогда можно об этом говорить. Фронталка широкоуголная - да, прикольная штука. Пока все нравится. Посмотрим. Z3 прожил всего 2,5 года. Сломался тачскрин,  можно конечно было просто его заменить, так как в остальном рабочий телефон. До него айфон прожил примерно столько же.",4
43,"Создается впечатление что компания сильно сдает. Выезжает только на популярности бренда. Аппарыты выпущеные в продажу не проработаны и плохо продуманы, появилось много косяков недопустимые для аппарата такой компании и за такие деньги! На основании вышеперечисленного хочется сказать компании Apple: Вы либо качество поднимите, либо цену снизьте, либо народ потянется в скором времени на андроид, благо что сейчас выбора моделей с весьма приличными характеристиками и невысокой ценой предостаточно!",3
44,"Apple это качественная вещь, и бренд тут не причем, я перепробовала много телефонов, но iOS самая лучшая система, без геморроев, да, есть платные вещи - как музыка, но вы и получаете качественный товар и навсегда привязанный к вашему аккаунту!",5
45,"Стоит ли покупать аппарат за 650$ для звонков, (с)ебяшек и сидения вконтактике? ОДНОЗНАЧНО НЕТ. Хотя если вы хотите кому-то показать свою зажиточность и #янетакаякаквсе - все же обязательно (правда с развитием кредитных программ, купить его может любой тракторист (абстрактно, ничего против этих ребят не имею) но кто на это смотрит :)). Однако если вы пользователь любого Mac (ОСОБЕННО Mac), iPad и прочих яблодевайсов - покупка обязательна. Единая экосистема Apple значительно упрощает жизнь.  Специально не писал отзыв до выхода OS X Yosemite, т.к. хотел попробовать Continuity в действии. Очень крутые фичи, дроид пока такого не умеет и вряд ли сумеет в обозримом будущем. 1 Гб оперативки + А8 - за глаза. Если любите меряться пис... эээ, гигабайтами - аппарат не для вас. Эргономика: на любителя. Привыкнув к четким граням iPhone начиная с 4го, шестерка кажется какой-то ""неайфонной"", что ли. Вообще, вы очень немного потеряете, взяв 5S, а не 6. Стоит дешевле (у нас), по возможностям практически не проигрывает.",4
46,"Телефон больше модный,мажорный чем прогрессивный.Качество сборки на уровне дешевых аппаратов.",3
47,"До этого пользовался самсунгами note 1,2 sony z1 compact, сейчас есть LG G3 решил попробовать айфон 6 т.к. экран подрос до комфортного для меня размера. Купил. Я в игры играю редко, видео тоже снимаю не часто, но из 16 гб всего доступно 11 это даже не смешно. Я думал такое только на андойдах бывает, но там то можно хотя бы карточку докупить... Вобщем для комфорта нужно брать 64. В целом телефон смотрится и ощущается в руке хорошо, но все ощущение дороговизны аппарата портит низкое разрешение экрана. Не скажу что все плохо, шрифты сделаны красиво и иконки выглядят ровно, но пиксельную сетку видно невооруженным глазом (разбаловал меня lg g3 ) full hd было бы ему в самый раз. Но тогда, полагаю не вытянул бы процессор и батарейка. Хотя все приложения и игры оптимизированы но по факту оптимизация заключается в урезании разрешения текстур, дальности прорисовки и т.п. Камера не плохого качества. Только при слабом освещении много шумов. Много читал про супер быструю фокусировку... Скажем так, она работает шустро, но не быстрее чем lg g3 или sony z1c. Примерно одинаково. Прилично греется в играх. Понравился сенсор отпечатков. Работает очень хорошо. Ошибок практически не бывает. Прошивка 8.1 работает стабильно, шустро и притензий к ней нет. Единственное айтюнс... так и не могу привыкнуть. Для меня в 100 раз легче просто кинуть папку или файл на телефон. Зато есть простая синхронизация по wi fi.(( Город Казань ))",5
48,"Очень понравился телефон в использовании, мне 16 гигов в принципе хватает, т.к. фотки постоянно чищу, в игры не играю, для музыки места предостаточно. Нравится дизайн, причём не только телефона, но и его начинки: приложения, меню, программы - у всего этого отличный стиль. Телефон смотрится красиво и дорого. Фотографии получаются просто божественные, не нужна никакая обработка вообще, качество на уровне! Интернет летает, всё быстро загружает. Приложения не тупят и не вылетают, система работает слаженно, практически идеально. Довольна покупкой, цена, конечно, высока, но такая вещь несомненно стоит денег.",5
49,"В целом телефон полностью устраивает. Не сказал бы, чтобы плохо держит батарею, но и не могу сказать, что держит долго. К IOS привык, раньше эта система вообще не нравилась, сейчас стала более менее открытой. А вот на счёт цены с многими не соглашусь. Как по мне - так цена оправдывает то, что я получил из коробки. Если учитывать, что рубль уже не 30, как раньше - то цена стоит адекватная. Это флагман, чего вы хотели?",5
50,"купил буквально на днях. Отзыв пишу вообще первый раз про технику, по причине того,что слишком много незаслуженного негатива про сей гаджет написано. Яблочным фанатом не являюсь, из айфонов был 4-й и 5-й, S серии как-то прошли стороной, были HTC ONE, LG G3, ну и так по мелочи типа Блэкберри,Нокии и тп. Почему вернулся к айфон, - Все-таки надежная железка. Допилят софт и будет то, что надо. Приятно удивлен качеством принятия сигнала. На рабочем месте ни один телефон из перечисленных, кроме Нокии ,нормально не ловил. А уж о 3G вообще молчу- приходилось выходить на улицу. Здесь ловит и отлично загружает страницы интернета даже с двумя кубиками на индикаторе уровня сигнала. WI-FI так же без нареканий, загрузки осуществляются быстро. Touch ID работает отлично. Качество речи в динамике отличное, даже можно сделать минимальную громкость и будет все отлично слышно.В наушниках (подключал самые простые) звук  приличный, есть регулировка эквалайзером на свой вкус. Стекло экрана при касании вызывает какой-то детский восторг:) Сам аппарат по ощущениям монолитен, а металл приятно холодит руку. Оригинальный чехол а-ля кожа, очень даже качественный, легкий и не портит вид телефона. Надеюсь, сей гаджет продержится у меня до появления s-серии.Первые дни использования батарея держит в режиме работы(интернет, звонки, вибер, скайп с видео режимом, ватсап, загрузки фото, музыки,съемка видео и тд) - проработал больше суток. То есть, утром часов в 8.00 снимал на 100% заряженным, до ночи оставалось заряда примерно       30 %. На следующее утро тоже его мучал активно и батарея обнулилась только около 10.30 утра. Сравниваю с HTC ONE- батарея у айфона реально дольше держит, но до LG G3 не дотягивает, естественно.С предыдущими 4 и 5 айфонами даже сравнивать не хочу. Прогресс батарейки- налицо. Вообщем никого не слушайте и если нравится- покупайте. Жалеть не будете. Если кажется дорого- есть много достойных альтернатив. Но по тактильным ощущениям айфон 6, конечно, впереди Планеты всей:)",4
51,"Дизайн , конечно, хорош.",1
52,"Поменял свой 4S на 6ку. За неделю привык к большому размеру. Теперь ни 4S, ни 5ками пользоваться жутко не удобно.Кратко о достоинствах:1) Внешний вид устройства выигрывает у всех смартфонов на Android;2) Большое количество качественных приложений на все случаи жизни;3) Камера снимает отличное видео и фото, даже в темное время суток.Кратко о недостатках:1) Покупал версию на 64Гб за 36,990 в официальном магазине. На старую цену я могу найти для себя преимущества, но за 46,990 пока еще можно купить два достойных смартфона на Android;2) Первый раз попалась продукция Apple с браком. Брак заключается в микронеровности на стекле. Если экран кристально чистый, то все отлично. Стоит ему слегка заляпаться - появляется небольшое пятно над динамиком, которое стирается только специальными тряпочками.",4
53,"Хочется взять и вернуть деньги за 60 тыс телефон не держит батарею, это что вообще за переплата?! Телефон не рекомендую, есть огромное желание его выкинуть и купить Самсунг эдж , а то будете бегать с Блоком питания даже в магазин....",2
54,"я не знаю почему в отзывах ничего не сказано про аудио выход,тк он просто отвратный",3
55,"мелкие недочеты, если интересно.- Оболочка от асус: Телефон - не интуитивные пиктограммы (сравниваю с самсунговской звонилкой и звонилкой чистого андроида), в звонилке не просмотреть карточку контакта с множеством номеров (при нажатии показывает историю звонков этого номера), при звонке фотография в кружочке, а на фоне толи цветы, толи ягоды.Галерея - дополнительные довесок из приложений для коллажа и ещё чего-то.Лаунчер: вероятно пожирает память, что после тяжелых приложений перезагружается.В итоге: телефон работает на данный момент хорошо, я доволен, но из-за брака, вымотавшего мне нервы я ставлю 4. Я не рекомендую фирменный сервис АсусПартс на нижегородской улице. Рекомендую Топаз-2М, близ метро кузнецкий мост. покупал я его 9 января, т.е. на день написания отзыва пользуюсь телефоном 5 месяцев.",4
56,"В первый год эксплуатации еще было все нормально, но потом сплошное разочарование.Никому не посоветую такой аппарат. Asus может и делает качественные видеокарты и материнки, но только не смартфоны.Расстроен. Отдав 17 т.р. за эту похабень, через два года вынужден искать замену.С радостью утилизирую сие ""творение"" путем разбития молотком, ибо продавать такое не могу позволить себе.",1
57,"Купил себе этот телефон в начале 2015. На сколько я помню батарею тогда он держал приличное время (возможно день если немного поиграть). Сейчас же 18.09.16 телефон стал очень быстро разряжаться. Допустим в начале дня у телефона 100% заряда, посидел в интернете минут 10, грузил гифки картинки (все через вай фай) и происходит невероятное у телефона уже 85~% заряда! Иду на улицу погулять, запускаю Pokemon Go, проходит час или 2 беспрерывной игры в покемонов на минимальной яркости и телефон оповещает меня о том, что у вас 15% заряда? ГДЕ МОЙ 3000 Mah??? Мой Ipad mini 1 16gb держит заряд 2 дня игры допустим в drive ahead без остановки! Крайне опечален телефоном, надеялся что будет хватать хотя бы на день использования.",3
58,"Меняться на ее леново уже не хочу, понравился самому).",5
59,"Почти сразу после покупки телефон начал виснуть, его 3 раза прошили ,только это даже на месяц не помогало ,после последней прошивки на следующий день начал жестко виснуть.телефон мог сам удалять   фотографии ,выкидывать с приложений висла камера ,тормозил даже когда писала сообщения ,после этого мне заменили материнскую плату ,но она пришла с браком и они снова заказали мастер.плату и установили ее и написали мне что я могу его забрать . В этот же день он снова начал виснуть .Это не выносимо столько бегать с таким телефоном в сервис . Я не вижу другого выхода как написать на замену телефона или возврат денег .  Я не кому не советую этот телефон ,он просто ужас",2
60,"Зарекаюсь от продукции Асус. Смартфон невероятно глючный;  греется,  как пять двухкиловатных тэнов,  при малейших нагрузках:  пять мин. инетсёрфа… пять минут - настроить ВСТРОЕННУЮ софтину…  и т.п.… НЕ БЕРИТЕ ЭТУ… СТРАННУЮ и несъедобную продукцию: добавьте бабла немного и купите… ну… хотя б Мейзу. Лучше - Самсона,  конечно.  Это недоразумение,  а не смарт. Не только эта модель,  кстати.",1
61,"соотношение цена/качество на 5. достаточно шустры, отличный экран и приемлемая камера.",4
62,"В первые 2 недели все работало, спустя это время, внезапно, телефон начал жутко глючить и зависать. При прослушивании музыки через наушники самостоятельно ее отключает. Видео воспроизводится с жуткой задержкой, хотя звук продолжает идти вперед. Перестали приходить обновления. При разговоре собеседник вас не слышит. Ужасно неудобный динамик, что для вывода музыки на задней крышке, что для уха.Тормозная реакция на воздействие на экран. Нет возможности поднять трубку при входящем вызове.Деньги на ветер.",1
63,За такие деньги сойдет.,5
64,"Телефон не стоит своих денег, ему красная цена 10к. Он максимум для селфи, просмотра видео, серфинга, но не больше. Аккумулятор нужно заряжать 2-3 раза в день при активном использовании (не игры, если что, а тот же самый Ютуб, инет, звонки). Основная камера так себе, на троечку. Фронтальная да, может быть и хороша. И всё это я утверждаю как пользователь этого устройства на протяжении полутора года. Мой совет, если есть чуть больше денег - купите другой телефон. Не надо, не усложняйте себе жизнь, не берите этот.Большинство отзывов здесь написаны с опытом меньше года, а именно после года вам уже не спастись.П.с. таким экраном уже не удивишь.",2
65,"И впечатления в общем. Асус селфи купила еще в декабре 2015 года за 20 тыс. Скоро будет уже ровно 2 года, как я использую этот телефон. К нему я не раз покупала чехлы и защитные стекла (так как изнашивались быстро) и теперь ко всему прочему пришлось заказать новую батарею и зарядное устройство, потому что прежние вот-вот умрут). Раньше я использовала самсунг гелакси примьер (тот сдох через год использования, но не без основания) и хочу сказать, что асус, пока является для меня лучшим, не смотря на некоторые косяки.  - Родной памяти мне перестало хватать уже через год, купила еще и карту памяти на 128 гб (чтоб уж наверняка).  - Временами подбешивает кнопка ""домой"", в вк целая морока печатать на клаве, потому что при случайном нажатии приложение вылетает. - Сейчас стала замечать, как телефон начал не хило моросить (не знаю, может всему виной захламленность телефона, забивать память это моё все) Еще не пробовала ""сброс к заводским настройкам"", может вскоре придется воспользоваться этой функцией. В целом, телефон за свои 2 года полностью себя оправдал, превзойдя все мои ожидания. Пользоваться буду до победного, но более наверно не вернусь к телефонам этой фирмы. Хотелось бы попробовать что-то новое, например:  Xiaomi Mi Max 2 128GB.",4
66,"купил только недавно, уверен--- не разочаруюсь",5
67,"Пользуюсь телефоном с января 2016 г, очень долго выбирала, сравнивала других производителей с аналогичными функциями и пришла к выводу, что ASUS ZenFone Selfie ZD551KL 32Gb - это золотая середина, соотношение цена-качество. Телефон мне очень понравился, работал без глюков, ни разу не завис. У меня рука маленькая, поэтому одной рукой пользоваться не очень удобно, но все же, он ни разу не выпал у меня из рук. Устраивало абсолютно все. В недостатках перечислила то, что не хватает модели для того, чтобы стать идеальным телефоном. Мне нравится оболочка Асусов, встроенный софт никак не напрягал. В процессе эксплуатации иногда телефон самопроизвольно перезагружался.И вот, 30 декабря 2016 г. он вновь перезагрузился и пропала сеть на обеих сим-картах. После новогодних праздников отдала в ремонт, заменили материнскую плату. Телефон проработал 2 дня. Сначала пропала сеть на второй сим-карте, потом я его попыталась перезагрузить, телефон отключился и больше не включался. Опять ремонт. Очень жаль, что так получилось, не думала, что Asus меня подведет. Хотя, чего я удивляюсь, сейчас производители техники не заинтересованы в долговечности своей продукции. Если на то пойдет, я согласна каждый год менять телефон, но его стоимость при этом не должна превышать 5000 р, выкидывать на ветер по 20 000 р., думаю, никому не хочется.",3
68,"Сам телефон понравился, но с моим аппаратом вышло не очень..может это во всех аппаратах так такой модели. Читаю, что  у многих проблема со слышимостью..",3
69,"Уже несколько часов пользуюсь этим телефоном, до этого был айфон 4, все устраивает.",5
70,"Телефон очень достойный, мне нравится. Отзыв пишу с него, кстати. Имеет довольно интересную особенность: Звук разблокировки смартфона или блокировки тихий, при этом звонок очень громкий. Вибро слабоват, но в целом хорошо.В общем, очень советую. Смарт доведён до ума, приятный, и выглядит очень солидно.",5
71,"Телефон конечно норм, если вы пересаживаетесь с нокии н8 на него, но после андройд устройств немного расстраивает отсутствие нормального браузера. В игры на телефоне не играю, в основном инет, вк и книги, так вот батарея еле доживает до вечера, если снять с зарядки в 8:30. Не верьте тем кто на 4пда пишет что ему на два дня хватает заряда, он им только звонит пару раз в день и пишет две смски за два дня, при обычном использовании батарея быстро садится, примерно как 2000мап на андройде. Больше всего расстраивает отстутствие хрома, эдж туповат, шрифты кривые, работает на порядок хуже с некоторыми сайтами, например сбербанк онлайн: Никак не перевести деньги с карты на карту, потому что выпадающий список не работает. Кто то скажет что это сайт сбербанка кривой, но на гугл хроме то таких проблем нет. Мелочи очень раздражают. Жалко что такая компания не допиливает своё детище.",2
72,"В -20 замерз при разговоре через гарнитуру, показывал маленький заряд аккумулятора, после 10 минут отогревания, заработал как обычно. При падении отлетает задняя крышка. При использовании чехла панель царапается. Треснул экран при падении, не спасло защитное стекло. Зарядку держит хорошо, сутки очень активного использования, при умеренном использовании хватает дня на 3.Покупал в мтс за 11500. Перешел с ведроида, очень доволен, привык быстро, за такую цену конкурентов нет.",5
73,"Брал телефон на тест-драйв (смущал очень сильно размер телефона). Рассматриваю  замену своей 620. Тест-драйвом доволен, телефоном тоже, но не хватает LTE. Буду брать не росттест.",3
74,"Ты любитель лопат, но у тебя сейчас нет 50 тысяч на покупку 950XL? Тогда 650 XL тебе вполне подойдёт :-) Из достоинств выделяю хорошую камеру за такую цену, яркий и сочный дисплей. Недостатком является хлипкость сборки. Твёрдая 4 за данный девайс.",4
75,"Microsoft Lumia 640 XL - хороший девайс прежде всего для работы. Приложения такие как, например, лицензионный MS Office позволяет быстро отредактировать документы и отправить на работу. Диагональ 5,7 при этом - только плюс. Skype, Viber, WhatsUpp позволяют быть всегда на связи и беспроблемно осуществлять международные и междугородние звонки. Личный секретарь Cortana с помощью голосового общения с ним позволяет оперативно заносить данные в распорядок дня,фиксировать различные напоминалки,осуществлять вызовы абонентов,надиктовывать смс и прочее.",4
76,"По сравнению с Андроид функционал приложений сильно урезан, например в SPB TV нет основных каналов, которые есть в андроид, МОЙ МТС не показывает остаток доступных минут, только трафик интернет, вообще после недели использования остаётся такое ощущение, что сторонним разработчикам Windows больше не интересна.",2
77,"Зря убитое время с ним, буду продавать и покупать андроид в этой же ценовой категории. Советую ни кому не покупать до тех пор пока в маркете приложений не будет достаточных приложений как и в андроиде.",3
78,"Самый большой плюс - большой экран и относительно небольшие деньги по сравнению с другими флагманами типа самсунга и эпл. Экран очень качественный, никакой зернистости не видно. Многие жалуются на звук. Надо мелодию правильно подбирать. Я оставил стандартную люмия. Звук пробивается через рюкзак на спине на улице, где рядом проносятся автомобили со звуком взлетающего самолета. Так, что звук вполне громкий. Уж точно раза в три громче айфона. Айфон 4s даже при слабом использовании разряжался за сутки. Эта модель держит заряд неделю-полторы. Да, заряд он всегда показывает ниже 100, но держит его долго. Что касается функционала, то тут надо просто привыкнуть. Серфить по инету, слушать музыку, читать книги и иметь под рукой документы вполне можно. Вот, чтобы закачать фильм, а потом его спокойно посмотреть. Вот тут будут танцы с бубном. Но и на планшете самсунг с андройдом такая же вещь. В плане функциональности ios проще и лучше. Но в плане цены, качества и размеров люмия лучше. Я не собираюсь за 6 плюс 70 косарей выкидывать. Лучше за 14,5 штук люмия пользоваться. Плюс тут нет вирусов и вредных программ. Никто денег с винды не слупит и смартфон не взломает. Камеры снимают отлично. Две симки тоже замечательная штука. Программы можно найти, если терпения набраться. Замечательный аппарат за небольшие деньги.",5
79,"Купила за 8000р новую рст  -  витринный образец в пленочке.За 8000р-отличный аппарат.На больше не тянет особо.За эти деньги я им довольна-удобно читать,просматривать страницы браузера.Если он конечно загрузится.",3
80,"Периодически просит выбрать место записи по умолчанию. Понятия не имею зачем. Иногда начинает что-то сканировать или обновлять в режиме ожидания, так телефон даже не включить (хотя тут возможно виноват софт типа клин мастера, но, опять же, на LG такого не было). Есть ещё несколько очень мелких и незначительных косяков, в которым привыкаешь со временем, но всё же хорошего в этом всё равно мало. Возможно мне просто достался такой экземпляр, не знаю. Но в целом, телефон мне понравился только дизайном (у меня синий). Не рекомендую",3
81,покупать не рекомендую,3
82,,4
83,"В целом смарфон очень хороший,выполняет практически все свои функции,но из-за частой потери сети и подобного бага ,что был описан выше - смартфон можно использовать только без сим-карты ,как читалку или плеер.Пользуюсь данным аппаратом более года,и сильного разочарования не вызвал.Чехол для данного телефона просто нереально найти,как и пленку тоже,но мне повезло и пленочку купил сразу со смартофоном.",3
84,"свои деньги он окупает за полгода пользования подвергался падениям с разных высот ,но все работает идеально",5
85,"Итак, я уже около недели пользуюсь этим смартфоном и я в бешеном восторге! Это лучший телефон из которых у меня были! Скажу сразу, это мой третий смартфон, до этого пользовалась Nokia! Стильный, удобный, очень яркий! Также не могу не отметить это его скорость, летает просто! Скачала пару игрушек с play store и все работает без единого тормоза! Удобно пользоваться интернетом, старый добрый хром теперь у меня и в телефоне, очень легко, кстати, синхронизировались все закладки. Считаю, что  за такие деньги – это очень правильный выбор! Зашла в приложение LG appclub и скачала бесплатно!!! Ситигид! Теперь у меня аж 3 приложения, которые мне показывают путь – гугл, яндекс и ситигид. Оооочень порадовала батарея – целый день активного пользования (музыка, игры, навигатор, соц. сети) и под вечер остается еще около 35%! Когда у молодого человека без подзарядки даже до вечера не доживает.",5
86,"Если Вам достаточно 64 Gb, то лучше посмотреть в сторону 5S. По быстродействию практически не отличаются.",4
87,"Отличная модель, крепкая не только на вид, но и в деле. Ношу без чехла уже пару месяцев - ни одной царапины. Телефон очень шустрый, никаких лагов, что бесконечно радует. Если телефон постоянно в руках - то в соцсетях, то звонки, то фото, -зарядки хватает на сутки. При умеренном использовании на двое суток максимум. Геолокацию включаю только на улице. 3D Touch включен всегда и это очень удобно! Фото просто отличные как макро, так и обычная съемка. Очень понравился ручной режим осветления фото, снятых например в ночное время суток.Редактирую отзыв после установки игры/ 27.05.16Это просто жесть как игра жрет батарею!!! Ну никуда не годится((( 20% зарядки за час игры! Отнимаю балл",4
88,"Я не поклонник Apple, когдато по глупости купила 5, но жутко непривычно было для меня было после андроида, там красив только дизайн, но никакого удобства. К этому девайсу я тоже относилась скептически, пока не опробовала его.Очень приятное и громкое звучание музыки. Хорошая камера, при дневном свете выдает качественные снимки. экран, все жалуются что не фул хд, не знаю, очень приятные цвета, пикселей не видно.Габариты устраивают, удобно держать одной рукой, печатать тоже. Единственное, что не продумали - он очень скользкий. Обязательно какой-нибудь нескользящий чехол.Проблем со сборкой не обнаружила.Аккумулятор оставляет желать лучшего, но это же айфон) купил айфон - научись и зарядку носить с собой)да и к ios можно привыкнуть.Советую, но не для понтов, так как за такие деньги можно купить аппарат намного помощнее.",5
89,"телефон вполне устраивает, все работает стабильно, редко подглючивает при включении камеры(картинка зависает) но скидываешь перезаходишь и все в норме, пользуюсь 10 месяцев",5
90,"Купила iPhone 6 вместо Samsung galaxy s6. Странно, но кореец мне быстро надоел, несмотря на классную начинку и неплохой дизайн. Ещё и батарейка стала садиться быстро. Едва стало хватать на световой день. Приходилось сбрасывать телефон на заводские настройки, потом устанавливать минимум программ. Только после этого ситуация немного улучшалась, но все познаётся в сравнении. У iPhone 6 батарейка реально держит намного лучше. На эконом режиме у Самсунг телефон разряжался одинаково быстро. То ли дело iPhone 6 на iOS 9.0. Пишу мини-отзыв уже более 15 минут, а батарейка упала всего на 2%. На самсунге за это время батарейка съела бы заряд 5-7%. Все время вдалбливаю себе в голову, что топовые андроид смартфоны уже ни в чем не уступают, и зачастую, даже превосходят iPhone 6, но на практике у меня выходит иначе.)В принципе, iPhone 6 очень хороший смартфон. Он не идеальный, но до сих пор является одним из лучших на рынке, несмотря на обилие новых андроид флагманов.",5
91,"В целом доволен покупкой. Если любите пофоткаться, посмотреть фильмы и поиграть в игрушки на iPhone, то 16 ГБ будет маловато. И пару слов про американский айфон и айфон ростестовский. Разницы между ними нет, кроме вилки зарядника и одной из частот LTE, так что можете брать себе любой. На iPhone 6 стоит однозначно переходить с предыдущих версий телефонов от Apple, кроме владельцев 5s, там уже конкретно каждый пусть решает для себя сам. ИМХО, т. к. все равно через год уже будет iPhone 7 и пока неясно чем же на этот раз сможет удивить придирчивого покупателя компания из Купертино.",4
92,"Купил прошлой осенью, эйфория от покупки длилась недолго, обнаружился брак. В магазине сразу же заменили на новый, и вроде бы 9 месяцев все было хорошо. Но, совсем недавно, случайно присмотревшись к фронтальной камере, заметил её смещение. После недолгих раздумий отправился в АСЦ Apple, где мне вежливо и доходчиво все объяснили. Через неделю мне прислали новый аппарат, но и тут история не закончилась. Спустя 2 недели я вновь вернулся в АСЦ, где прождал ещё неделю, и снова получил новый аппарат. После стольких замен, устройством пользовался неуверенно, уже не чувствовал той надежности что раньше. Но все же хотелось бы отметить отличную работу поддержки Apple.",4
93,"В целом покупкой доволен. Конечно, цена довольно высокая, но если деньги есть - брать нужно однозначно. Самый приятный плюс это конечно дисплей...Походив с шестым начинаешь удивляться, какой же маленький дисплей у 5-ки...) Единственное, что не оправдало ожиданий - это батарея. С каждым годом айфоны тоньше, дисплеи больше, но вот прогресс относительно продолжительности работы телефона без подзарядки, будто бы, стоит на месте. Касательно выпирающей камеры - после недели пользования шестеркой понял, что абсолютно никак она не мешает и уже привык как-то, поэтому недостатком сложно было назвать. А то многие так описывают ее, что ей чуть ли не в носу ковыряться можно)",4
94,"Что вы накинулись на идеальный гаджет? Это все придирки. Может быть сейчас много бОльших по функционалу Андроидов, но ИОС то ничем хуже не стал....Даже не буду описывать прекрасный экран, камеру и т.д. - вы и так это знаете. Батарейка держит в разы дольше моей бывшей 5ки. Размер, форма - по мне так идеален.Памяти хватит для долгие годы счастливого использования данного аппарата.Он определенно заслуживает оценки 5, если не делать скидку на цену. Лично я счастлива, что обладаю этим телефоном. Если вам больше нравится Андроид, пожалуйста! На вкус и цвет как говорится.",5
95,"Ну что сказать)? Кому то по душе ios, кому то  андроид, кому то windows! Я пользовался андроидом, сейчас пользуюсь ios. Мне понравилась ios. Поэтому пользуюсь ios! Хоть система и закрытая, но защищенная. И самое главное, что по душе! Хоть и дорогая)...Как сказал один мудрый чел: Главное ни конкуретноспособность этих трех систем, а их Успех и их Удача!!! Со мной же все согласны!?",4
96,"Судите сами. После iPhone 4s взял sony Z1 compact, затем sony Z3, samsung NOTE4, теперь вот iPhone 6s и впервые захотел написать отзыв. Ну взял андроид, закачал несколько фильмов (посмотрел раз, пока ехал в командировку в поезде), закачал несколько мелодий (для нарезки рингтонов), поигрался с настройками (потом стал  забывать где и что поменял), пофоткал немного (ради спортивного интереса), стилусом попользовался, что бы понять - нужен или нет, поставил карту памяти на 64Гб (просто фотки на неё сбрасывал). ВСЁ!!! Нажимаю на одну иконку-вызов идёт на другого чела, нажимаю на окончание разговора, появляется иконка, что идёт вызов (тому, кого только что сбросил), ну а включение вообще не удобное. А теперь всё иначе. Включение-молния, лагов пока вообще нет, может программы и дороговаты, но для меня это не критично (купил 5-7 приложений, мне больше не нужно). В сети работает гораздо шустрее (мои ощущения), фотки нормальные, тактильно вообще очень приятен, чехлы не использую принципиально, видео не снимал, ну и т.д. Словом скажу, что каждому своё. Всё в нём работает нормальненько так. Кому-то андроид очень нужен со своей открытой системой, кого-то полностью устраивает iPhone - такая сбалансированная система. Доволен, очень. На андроид не скоро перейду.",5
97,"Мой путь смартфонопользования начинался с виндовсбомайлов, но долго они у меня не задерживались, не мог привыкнуть и возвращался к простым телефонам. Потом пошли андроиды разных производителей - аппараты были хороши технически, но глючность и тормознутость андроида всё перечёркивала. Последней каплей был хтц, после которого от вёдер я зарёкся. Айфоны же до этого вообще не рассматривал.Вот после этого появился у меня 5, потом 5s и я понял, что для меня айфон это лучший выбор. Надёжность и качество. Я не любитель ковыряться в настройках и тюнинге. Для меня смартфон это средство, а не цель. Мне важно чтобы он хорошо и полноценно работал из коробки, а также важна безопасность в плане вирусов. На айфоне всё что нужно для кофмортной повседневной работы - уже установлено, это не ведроид с его бесконечными поисками качественного приложения среди гор мусора и вирусов на маркете. Да даже если и нужно скачать что-то из эппсторе, то качество приложений там на две головы выше, чем у гугла. Повторюсь: айось изначально полноценна, и не нуждается в костылях, файрволлах и антивирусах, как андроид.Удивительное дело, отдельными своими компонентами айфон хуже андроидов: где-то у вёдер экран сочнее и ярче, где то оперативки побольше, где-то корпус понадёжнее, где-то ещё какие свистелки. Но в итоге, как единое целое - айфон лучше всего остального, существующего на рынке смартфонов. Не знаю, как это у эпл получается.В общем, 5s я благополучно потерял, после чего передо мной встали муки выбора - снова 5s или 6. Пока думал, да читал инет, ходил с ведроидом на самсунге (приятель отдал), модель уточнять лень, с nfc чипом какой-то. В очередной раз убедился, насколько всё убого, неудобно и тормознуто происходит в ведре! После айоса это особенно заметно.Так вот, начитавшись и наслушавшись отрицательных отзыв про 6ку, хотел уж было взять проверенный 5s, но решил рискнуть - и не ошибся. айфон 6 - отличный аппарат, хорошее продолжение серии.",5
98,"отличный телефон, больше всего радует стабильность у устройств apple, до этого использовал iPhone 5s более 1 года, потом отдал его маме, за 1 год аппарат ни разу не подвис, не износился, (использовал его без чехла и всяких плёнок), сейчас ему уже 2 года все так=же стабильно. 6ым пользуюсь уже год, неподвел  ни разу.  Качество сборки отличное, ранял его 2 раза одни раз с высоты примерно 1.2 метра на кафель, ничего не треснуло. батарея держится шикарно в среднем хватает на полтора дня при активном использовании, в ожидании хватит дня на 2 с половиной, при постоянно включённом 4g с переходом на wifi. Для тех у кого проблема с быстро садящейся  батарей совет: надо перейти в настройки - конфедициальность - службы геолокации, спуститься в низ до вкладки системные службы, и отключить там: геолокационные aid, геопредупреждения, калибровка компаса, диагностика и использование, маршрутизация и трафик, популярное рядом! Тогда батарея будет держаться на 60?ольше",5
99,"Отличный, как и все айфоны, но цены очень высока.",5
100,"Кардинальных отличий, кроме размера экрана, от Iphone 5 нет. Очень нравится размер экрана, можно читать книги и не портить зрение.Классный звук, очень громкие динамики.Дизайн классный, причем нравятся белые полоски (взяла Gold), которые все так сильно критикуют:)Успела заказать в последний день за 32 000, сейчас он уже 39 990.Вцелом впечатления положительные-скромный, удобный, красивый, прочный, легкий телефон. Но, к сожалению, по-моему субъективному мнению даже 32 т. это много...",4
101,"iPhone 6 практически идеален. Отличный дизайн,экран. Самое главное это iOS она вообще не глючит даже нет намека на ЛАГ. Наконец Apple сделала большой дисплей, теперь даже не думаю возвращается к зеленому роботу))",5
102,"Это мой третий айфон по счету и последний. Больно уж много стало косяков. На что переходить не знаю, свои проблемы есть в любой системе, а было все.",4
103,"Опаратом доволен. Был 4s,5s. Батарея на всех слабовата, да и принцепе держат заряд они одинаково по времени. Было у меня пару смартов на андройде (причем не дешевых) глючили так, что бывало пока не перезагрузишь работать нормально не могли. С айфоном ни разу с таким не сталкивался. Сравнивать не хочу. Пробовал больше желания покупать смарт на андройде нет. К покупке рекомендую. Если не жалко 50к. РСТ брать, смысла не вижу вообще.",4
104,"Ну и то, что думаю не искоренят в Ай-ОС никогда - как у любого Айфона, не закачать на него никаких данных через компьютер - нужно слишком много движений, чтобы закинуть даже обычный мп3 на телефон. Что уж там говорить о просмотре фильмов.В целом, я бы рекомендовала данный телефон к покупке, при чем наверное рекомендовала бы покупать или бу или восстановленный, потому как цена на новый экземпляр очень уж кусается.",5
105,"летом 2013 года я долго искала подходящий мне смартфон.Сначала решила что хочу экран не больше не меньше 4.3 дюйма, но потом передумала и выбор мой пал на экран 4. Рука у меня маленькая, и больший размер не нужен. Почему обратила внимание на данный смартфон,написала выше,в достоинствах.Нашла этот смартфон на сайте днс,Кстати цвет я всегда хотела белый, но увидев, что этот смартфон там только в черном,решила смириться и поехала в магазин.И ждал меня там сюрприз- на витрине красовался только-только завезенный этот смартфон в белом цвете! После этого я точно решила,что он будет моим))Внешний вид обалденный,задняя панель приятная на ощупь,очень понравилось,что боковая серебристая отделка не под железо,как обычно делают,и такие отделки быстро облазиют, а матово-серебристая) в комплекте всё белое- чехол и шнурки. Аккум.держит норм,звук громкий, есть голосовой поиск-это очень удобно.",5
106,Очень  доволен  покупкой  будем  ждать  сколько  протянет,5
107,"В целом, телефон отличный. Других смартфонов по такой цене и характеристикам просто нет. Есть недоработки, но за такую цену их можно простить. По моему мнению, нет смысла переплачивать за бренд. Советую приобрести эту модель.",4
108,"Покупайте,но акселерометр плох и это все что заметил",3
109,"Долго думала и выбирала себе телефон. Металась между Huawei и htc. За брендом не гналась, наоборот, уже надоели эти самсунги. Про Prestigio узнала вообще случайно. Начала искать по нему информацию, читать отзывы и решилась. За такую цену, такой смартфон да и еще гарантия 2 года, чем не сказка? Лучше него я не нашла. Тем более, что это мой первый смартфон на андройде. Очень довольна. Ставлю твердую 4+ из 5. Подкачала лишь батарея.",4
110,"Покупал год назад за смешные деньги,не ожидал что прохожу с ним так долго и не захочу менять.Gps из коробки не хотел ловить спутники,через 2 дня холодный старт 2мин.Со всеми задачами справляется.С загрузкой GPS  ,интеренет,звонки около часа  в день,смс. хватает смело на день с запасом.",5
111,"Все хорошо конечно, но есть недоработки",4
112,"Всем рекомендую. Браво, Престижио!!!",5
113,"Выбирала его благодаря отзывам здесь, поэтому решила написать свой. Пользуюсь им пять месяцев. Внешне не видоизменился, никаких потертостей, стараюсь носить в чехле, который был с ним в комплекте, гарнитура тоже порадовала, звук громкий и довольно объемный. Это мой первый сенсорный телефон и первый телефон на андроиде и я им, в общем-то, довольна. Какие были у меня с ним проблемы: 1) Однажды, через пару месяцев после покупки, внезапно перестал воспринимать карту памяти, требуя ее отформатировать. Карта 16Гб. С картой все в порядке, она не ломалась, не намокала...После форматирования продолжаю ей пользоваться; 2) Глухой и тихий голос звонящего(как ""из валенка""). Вылечила почти сразу через инженерное меню;3) Вообще, сначала было сложновато открыть крышку телефона, и самое что неприятное, после открытия батарея сразу вываливается, совершенно не держится в нем;4) Заряд, действительно, некорректно отображает. Но это не беда. Досадно для меня то, что каждый день все-таки приходится заряжать, а брала то я его из-за емкой батареи. Интенсивность эксплуатации: в день до 5 звонков, несколько смсок, переписки вибер, вк, иногда музыку слушаю. Вроде ничего криминального, чтобы так разряжаться);5) Бывает зависает ни с того, ни с сего, лечу разбиранием, начинает тормозить и тупить при 8% заряда и ниже, ну, это и понятно);6) Камера...По-моему, это не 8Мп, был у меня Сони Эрикссон до него, кнопочный, там камера 5Мп. Так вот, сонька делает фотки однозначно лучше! 7) По сравнению с вышеупомянутым сонькой (Sony Ericsson Elm) этот телефон гораздо крупнее, массивнее, тяжелее, рука не сразу к нему привыкла. Раньше мне было очень удобно держа телефон в левой руке набирать текст большим пальцем, таким образом, вторая рука была абсолютно свободна. А вот с Престижио не всегда можно управиться одной рукой)).Больше не могу вспомнить, к чему бы придраться) Телефон, в целом,  мне нравится.",4
114,"Очень неплохой смарт,китаец поживший недолго в Европе,шустрый,непритязательный,в руке удобен,камера конечно не 8Мп,,но фото при свете норм.,В общем за эти деньги очень неплохой гаджет...",5
115,"Если б знала  все о нем как есть - дождалась бы НТС бюджетного какого-нибудь или Филлипс, или  Тексет в противоударном корпусе.",2
116,"Телефон со своими не малыми недостатками больше удивил чем огорчил! А все потому, что на яндекса.маркете прочитал перед покупкой о нем отзывы, взвесил все недостатки, преимущества и цену! Как раз купил по хорошей акции с карточкой на 16 гиг в подарок. Поэтому к недостаткам уже был готов, а самые большие это что отсутствует датчик плавного поворота (для игр гонок нужна) и очень плохая камера. К слову камера со своими большими цифрами действительно очень плачевная оказалась. Но меня предупреждали:)А самое, что замечательное, меня порадовало качество сборки этой фирмы. Все на высшем уровне. Использую уже два месяца. Телефон ношу без чехла и пленки. Пыли под экраном пока не обнаружил. Несколько раз ронял на линолиум, даже не перегружался. А недавно так вообще упал в стальную ванну, и слегка намок. Все работало кроме внутреннего динамика, уже расстроился из-за того что придется нести в сервис, выяснять и чето делать. Но к вечеру как телефон обсох, снова заработал динамик! На телефоне нету трещин, ни сколов. Остальное все что нужно в телефоне за такую цену есть, и не нужно за него труситься чтобы его не поломать. Всеравно через год, полтора прийдут новые технологии, новый андроид и нужно будет апгрейдить.Вердикт: Если телефон еще не подешевеет, то лучше присмотреться на более новые модели фирмы Prestigio, с новым android 4.2А сам буду присматривать планшет этой же фирмы.",4
117,"Пользуюсь уже 4 месяца. Сама сомневалась брать или не брать, рискнула и осталась довольна. Телефон очень хорош для постоянного использования, а для тех кто недоволен акселерометром в играх, покупайте планшеты и рубайтесь на них. При использовании телефона этот автоповорот совершенно не нужен. Как телефон от мало известно фирмы, да за такую цену, само то! Если подумываете о нем, берите, не пожалеете",5
118,"Очень долго читал отзывы много разных мнений о данном телефоне. Понял одно, что в основном пишут заинтересованные в продаже данного телефона люди. Пользовался планшетом данной фирмы и решил опробовать телефон той же фирмы. Больших претензий нет, батарея реально держит часов 5 если не звонить и не трогать его хватает на сутки и более камера на заявленные 8мп не тянет, приложения ложатся на данный телефон  нормально плохо работает акселератор для эффектных игр большой минус.Добавил карту памяти на 8 проблем нет.Симки 2 шт. работают нормально. Тому кто нуждается для работы в нормальном телефоне либо для знакомства с телефонами на базе андроид берите.",3
119,"Соотношение цена - качество, функционал просто лучшее на рынке андройдов.   Альтернатив пожалуй нет. Удобно пользоваться, хороший отклик. Это мой первый смартфон на анд. и я приятно удивлен. Если бы не косяк с отображением заряда батареи то был бы идеален. Кто сомневаеться и недостатки для вас не критичны, смело берите не пожалеете. С первой зарядки, активный серф, закачки и игра в игры , звонки и смс, будильник и использование камеры продержался 4 суток. На играх типа миньонов сильно ест батарею, но я не любитель таких игр.",4
120,"Мой первый смарт. Первое, что мне понравилось вес, ощутим в руке. Задняя крышечка рифленая с прикольным логотипом. Взял в замену простой звонилки, не убиваемой и с без конечным зарядом батарейкой LG GX200, так как периодически нужен интернет и камера  . В первые дни пользования разочаровал аккумулятор. Жрет прям на глазах и не адекватно показывал % заряда . Немного побаловался с разрядкой и зарядкой и установил прогу Battery doctor, вроде пока норм. И зарядки уже хватает теперь на два  дня с периодическим выходом в инет и звонками. Пишут не поддерживает билаин-интерне. Надо включить мозги и поставить галочку в настройках интернета  Тип аутентификации: поставить точку на РАР и 3G ваше. Остальные настройки не трогать. Качество фото с него меня устраивает (это телефон, а не фотоаппарат). Звук громкий. Увеличить можно прогой (без надобности и так хватает). В общем стал привыкать к смарту и просто званилку уже не хочу. Держал бы батарею как моя лыжа, но......... все таки смарт. Когда покупал искал золотую середину  между дорогими и не дорогими смартами и нашел, в виде Prestigio MultiPhone 4055 DUO. Купил сибе и жине, пока довольны. У меня и навигатор в машине этой фирмы, второй год пошел, полет нормальный.",5
121,"Неплохой аппарат. всё заявленное работает. Единственное, что туговат. Андрид долго мыслит. может это из-за 1гбОЗУ (которая на постой занята и требует освобождения места от устаревших файлов) Громкий аппрат. весь функционал что надо есть. Еле нашла как на каждого пользователя свою мелодию и картинку ставить. немного нехватает синхронизации симки и аппарата. из-за этого, 100раз повторяется один и тот же номер. Копировать надо на аппарат и сохранять там картинки и мелодии -иначе не установить. 2-е симки ловит без проблем. Вай-Фая супер! лёгок в использовании. Хотелось бы, лишь чтоб в мыслях своих был пошустрее.",4
122,"Нормальный добротный телефон на андроиде. Немного толстоват.Батарея обычная, держит полтора-два дня, при среднем использовании.Камера обычная, ничего выдающегося.",3
123,"Мой первый смартфон. Требования при выборе были следующие: 1) ёмкость батарейки от 2500 мА, 2) wi-fi, 3) Android, 4) диагональ экрана от 4 дюймов, 5) 2 симки, 6) фронтальная камера, 7) цена 5-6 тысяч. Из выданных Яндекс.маркет вариантов и предварительно просмотренных их отзывов и обзоров, остановился на 3: Fly Energy 2, Fly 440 Energy, Prestigio 4055 DUO. Посмотрел все 3 в магазине, Fly Energy 2 не понравился из-за слишком большого размера, хотя батарейка хорошая. Fly 440 Energy и Prestigio 4055 DUO практически одинаковы, и по виду и по параметрам. Но Prestigio 4055 DUO больше понравился, плюс наличие чехла сыграло свою роль.Первая зарядка от 0 до 100% заняла 7 часов, батарейки хватило на 1 день 15 часов, 2 зарядка заняла 6 часов батарейки хватило на 1 день 19 часов, при постоянным использование телефона, пока тестировал его. После третьей зарядки хватило на 4 дня 12 часов, при обычном режиме использования, то есть звонки, sms, фотографирование и видео запись и интернет через вайфай.Дописываю отзыв спустя 6 месяцев использования, смартфон стал глючить, зависает иногда, решается только вытаскиванием батарейки, еще часто когда нажимаешь список контактов он начинает долго грузиться, более 5 минут, после перезагрузки телефон работает. Блютуз с автомобильным блютузом соединяется и держит отлично, Wi-Fi стабильно работает, фото и видео хорошие, неплохие панорамы делает, батарейка держит пару дней уверенно.Главный минус это зависания и долгая загрузка контактов в самый неподходящий момент, поэтому все же не буду рекомендовать этот смарт покупать.",3
124,"Замечательный телефон.Пользуюсь 3 года уже никак не нарадуюсь.Столько всего пережил...За такую цену берите,не задумывайтесь",5
125,Телефон класный держит долго вобше самый успешный телефон за мои покупки.Стоить должен больше,5
126,"Пережил многое, 2 потопления, кучу падений на различные материалы, при этом жив!",5
127,В общем вполне неплохой телефон - акк держит нормально ( я не сижу в интернете и не  играю) по работе говорю не мало - на разговоры и смс в хорошем использовании акка хватает на несколько дней. Если берет ребенок и играет в игры - хватает на день - два. Очень порадовал чехол в комплекте! не пришлось подбирать специально и тратить деньги.... Только размер чехла маловат малость.... трудно вытащить! - если руки влажные (вспотели к примеру) - вообще не могла вытащить.... со временем не разносился....,4
128,"Поддерживает две симки - очень удобно, можно для работы и для себя иметь два отдельных номера, ну и тарифы подбирать соответствующие. экран 4 дюйма в диагонали, небольшой, но и не мелкий, в руках лежит удобно, к тому же приятное рифленое покрытие сзади - не скользит, отпечатки пальцев не так видны. Неплохая камера - 8 мпикс, не супер-крутая, но все равно снимки нормальные, при переносе на комп качество сильно не теряется. Аккумулятор довольно мощный, каждый день заряжать не нужно.",5
129,"На 2 день использования завис ,вынимал и вставлял акум. 2 раза и только на второй раз помогло",4
130,"за такую цену аппарат, очень хорош, все устраивает, аккумулятор держит хорошо даже при активном пользовании интернетом и частыми звонками. В игры особо не играю, так что про них говорить ничего не буду. Аппарат очень нравится",5
131,в принципе баян не плохой если вам нужна болталка с набором офис+интернет,5
132,"Купил несколько дней назад, лучше бы взял что то другое. Аккумулятор держит заряд буквально часов 12, это, если с него не звонить. Через пол часа разговора заряда осталось 60%, а я его только с зарядки снял. Заряжал первый раз так, как сказали в магазине - 12 часов после полной разрядки. Отключил от зарядки утром, пока доехал до работы осталось 85 %, хотя ни куда не звонил. Все службы отключены, такие как gps, wi-fi, и так далее. Вот так вот. А брал я его только из за того, что аккумулятор 2500 ма/ч...   Не рекомендую покупать.",2
133,"Все достоинства Prestijo 4055 рассматривайте через его цену. Телефон умеет всё, что должен уметь, но немножко хуже, чем дорогие модели-флагманы. Если вы согласны иметь телефон, который во всём немножечко хуже, чем дорогие модели, но нааамного дешевле их, то Prestijo 4055 - наилучший выбор.",4
134,"Покупкой полностью доволен, аппарат устраивает на все 100%, решил не переплачивать деньги за бренд, и не жалею.",5
135,Отличный смарт .,4
136,"Телефон так себе,очень часто тормозит - нажимаю ""вход в меню"" и жду еще 20-30 сек.,пока он откроет и так практически со всеми приложениями,коих у меня не так много.Один раз слетала прошивка,пришлось менять(при этом потерялись все контакты),иногда зависает.Это основные недостатки.Батарея держит заряд около 3-х дней(если не пользоваться интернетом).",2
137,Хороший телефон правда есть минус акселерометр помойму вообще никакой не реагирует кобудто его там и нету Камера хорошая наушники очень даже хороши получше чем сенхайзер и монстер-битс (это мое мнение) А чехол отстойный очень трудно вытащить  фронтальная камера обычная Звук тоесть когда записываешь на диктофон или на камеру видео звук очень чистый и кажется что ты держишь айфон Разочаровал только акселерометр а так компания делает хорошие телефоны и планшеты рекомендую покупать!,5
138,"Сразу хотел взять Sony Xperia Miro,но когда увидел  Prestigio,я понял что я буду переплачивать за бренд,а не за функционал.Хорошая модель,за свои деньги.Сверх возможностей я от него не ждал.Престижио отлично справляется с теми функциями,которыми я пользуюсь(игры,интернет,звонки,камера).У данного смарта,даже нет намека на бюджетность.В данной ценовой категории я ничего лучшего не нашел.",5
139,"В принципе телефон не так плох, использую для звонков и интернета, глюков серьезных пока не было, иногда сбрасывает живые обои (из-за  512 мб).ТЕЛЕФОН НЕ ИГРОВОЙ!! так что subway и пасьянс ваши лучшие друзья",4
140,"Есть нюансы:Акселерометр простейший, не играбелен, если что.Чехол в наличии, но тугой(надо растягивать, например, обмотав телефон журнальной бумагой)Шкала заряда нелинейная, как уже было сказано.Нужен был недорогой смартфон. Также рассматривал Fly IQ441 Radiance (чуть слабее, но с IPS). Решил в пользу prestigio из-за цены (4990)Сейчас ещё раз подумал бы, возможно лучше переплатить.update 25.12.13Лучше было переплатить и взять что-нибудь получше... Сенсор стал тупить чаще, появились зависания. Prestigio пока не тянет по качеству...",3
141,"вообщем телефон замечательный,особенно за своиденьги",5
142,"купила неделю назад-последние 3 дня глюканул не на шутку-сенсор не реагировал вообще, выключение и перезагрузка не помогали.это мой рабочий инструмент-играться некогда, пока доехала домой до старого-потеряла время и клиентов...сегодня иду сдавать0отвратительная модель, полный абзац....а другие модели у друзей работают...",1
143,"Мой первый смарт, пользуюсь около 3х месяцев, не ожидал, что буду спокойно пользоваться на одном заряде 3-4 дня, по этой причине ранее не покупал сенсор с большим экраном, кстати, мобильные разговоры меньше всего садят батарею. Камеру так и не получилось победить, при искусственном освещении муть получается полная, но для фотографий имею зеркальный фотик :). Юзал навигатор, скайп, аську и т.п. - превзошли все мои ожидания, да и вообще, с Wi-Fi работает на ура!  При хорошей яркости и четкости экрана, угол обзора не большой, гораздо хуже флаев, лж, самсунг, штс, но мне это даже нравится, ибо нефиг заглядывать в мой экран кому-либо, кроме меня :)",4
144,"ужасная модель,батарейки хватает почти на день,качество камеры оставляет желать лучшего,через 5 месяцев использования полетел разъем зарядки и экран полтора месяца продержали в ремонте теперь составляют акт на замену",1
145,"когда покупал этот смарт, знал все плюсы и минусы данной модели, поэтому нет разочарования камерой и акселерометром, отсутствием компаса, не нужны они мне, в игры не играю, компас при наличии нормально работающего GPS не нужен, конечно пришлось повозится с данной службой, но после фикса спутников всё работает как надо. адекватная цена за такой аппарат (особенно за гарантию в 2 года). данная модель подходит тем кто не играет в игры а пользуется телефоном по прямому назначению, то есть звонки интернет навигация, иногда музыка книги и простенькие игрушки, нердам он конечно не подойдёт.",5
146,"Покупал в большом магазине шесть месяцев назад. По маркету на тот момент у них была самая низкая цена: 4990. Три дня нарадоваться не мог, и вдруг полетел сенсор начал самопроизвольно нажиматься, отнес в магазин, немного подождал, чтобы они убедились что сенсор работает не как надо, вернули деньги (т.к. в магазине не осталось их). Заказал второй такой же, там же. И не прогадал, все работает и по сей день. Навигация, интернет работают быстро и точно, прием стабильный, батарея за 2 дня в ноль при: 3-х часах музыки параллельно с приложениями. Ребристая крышка не пачкается. 2 камеры причем годные. У уха можно не держать пока ждешь ответа - завибрирует =) Второе мое портативное устройство на андройде и первое после которого я андройд полюбил. Берите если вам нужна ""рабочая лошадка"" без ""понтов"", но с хорошим функционалом, не пожалеете.",5
147,"кому нужен в первую очередь практичный телефон, о котором не нужно много думать, лишний раз протирать тряпочкой к примеру и ставить каждый день на зарядку, но который также легко может выручить в дороге, GPS стоит навител, спутники цепляет за ..минуту где-то, на котором можно посмотреть кино, послушать музыку в хорошем качестве( фильмы проигрывает  много форматов, звук радует) Кто купит этот аппарат, думаю останется доволен, придраться не к чему, конечно есть такие кому и столб не понравиться, пишут негатив про него, хотя должны понимать что браки бывают у всех без исключения марок, а прежде чем купить, нужно почитать и подумать для чего именно нужна будет данная модель",4
148,"Отличный смартфон. Несовместимость с Билайном чуть не заставила поменять его на что-то другое, но... утро вечера мудренее, и выбор пал на замену оператора связи :)ЗЫ Кому мало аккумулятора - купите внешний, за лишнюю тысячу рублей будет работать не сутки, а 3-4 суток.",5
149,"При нечастых звонках и немного интернета в день держит заряд неделю. Глюков не замечено. Иногда при долгой работе в нете 512 МБ оперативной памяти забиваются и тел начинает тормозить (гигабайт памяти предпочтительнее, но это другой ценовой сегмент). Экран достаточно яркий. Компаса нет.Акселерометр не фиксирует малые наклоны, т.е. пригоден только для служебных целей определения положения телефона для поворота экрана (поэтому предполагаю сложности с некоторыми экшн-играми где нужен чувствительный акселерометр).",5
150,"Пользуюсь телефоном пару недель, аппаратом пока довольна.",5
151,"Очень разочарован покупкой. Сначала увидел, прочитал описание. отзывы - всё понравилось (кроме дисплея - великоват), попользовался, к вечеру обнаружил, что акселерометр (G-sensor) - никакой просто. Не реагирует на повороты телефона на 1-2 градуса, реагирует только на 90 градусов, то есть очень ""резкий"". Компаса тоже нет! или он не работает.Прочитал на форумах - пишут, что так и задумано. Не покупайте эту модель!",2
152,"Мой 1 смартфон Поэтому старался экономить, честно говоря по началу думал куплю какой-нибудь слабенький но красивый и компактный дюйма на 4. А в итоге оказался отличный девайс по приемлемой цене. Правда очень жаль что марка не популярна и виниловых наклеек на него нет зато он очень похож на samsung S3 так-что подобрать подходящею можно.",5
153,"Пока нареканий никаких, малый объем встроенной памяти компенсирутся возможностью установка карты памяти.",5
154,меню  смартфона частково на англійській мові. хто знає як зробити все по українське???,4
155,"При такой цене самый лучший выбор. + кожаный чехол в комплекте. Шесть дней на одной зарядке умеренного использования.(звонки, немного GPS и ангри бёрдс) Аппарат - ОГОНЬ!!!",5
156,"очень доволен. Батареи, если отключить все лишнее и использовать как телефон, спокойно хватает на 3 дня. Если умеренно пользовать вай фай,  проигрыватель, книжка, то на пару дней. Поигрался со всем функционалом, все работает. После обновления прошивки заряд аккумулятора стал адекватно отображаться и размер клавиатуры вроде стал побольше. Вполне звонкий,  яркий и небольшой девайс.",5
157,"1. В телефоне 1 гб свободной внутренней памяти, но как только начинаете ставить доп приложения, ее становится все меньше и меньше. 2. Фотокамера 8 мп только до ISO 400, как только ставите ISO 800 или 1600 - разрешение камеры автоматически будет 1,3 мп. Соответственно если ставите ISO на автомат, камера будет поднимать ISO до 800 и выше, а значит и снимать будет на автомате в 1,3 мп. Вывод: ставьте ISO 400, а не автомат ISO. При этом качество фото все равно оставляет желать лучшего и гораздо хуже, чем 8 мп или даже 6 мп на фотоаппарате за 5 т.р. Короче кому нужны крутые фотки - этот аппарат не для вас! Это мой первый смартфон, соотношением ""качество/цена"" очень доволен. Описанные недостатки можно списать опять же на цену (но никак не на бренд). Если бы у него не было описанных недостатков - это стоило бы уже в 3 раза больше, что логично. Специально искал телефон на Андроид, чтобы привыкнуть перед покупкой Samsung Note II, но сейчас уже не уверен, что буду его менять в ближайшее время, т.к. телефон полюбился практически сразу. Все понятно без инструкции, удобное управление. За эти деньги вполне хороший вариант, который даже язык не поворачивается назвать ""бюджетным"" или ""эконом классом"". Под брендом Samsung этот аппарат стоил бы ровно в 2 раза дороже. Все супер, остается теперь все это проверить временем, надеюсь не сломается в ближайшие 2-3 года. Может быть что-то не правильно написал, но это мой первый смартфон, так что я не слишком опытный пользователь.",4
158,"Отличный смарт за такие деньги.""Чайник"" ломает телефон, спасает перепрошивка. Спокойно рутируется Фрамарут-ом.",4
159,"Первопричиной приобретения был аккумулятор - по работе общаюсь много - окколо часа-полутора разговоров в день + СМС, WhatsApp и прочее. при таком режиме старая звонилка-телефон держала три-четыре дня (естественно, без WhatsApp), данные аппарат зарядки требовал каждую ночь. Чем больше пользовался, тем больше разочаровывался - оказалось, что камера никакая, снимать можно только при достаточной естественной освещенности, про вспышку можно сразу забыть - ее действие ограничено лишь полуметром, GPS ловил спутники под открытым небом в ясную погоду минут через 10-15, экран на солнце невозможно в принципе разглядеть даже при максимальной яркости, аккум стал сдаваться все раньше и раньше: только вроде выдернешь из зарядки на 100% и через пять минут уже на экране 95% заряда батарей, а одна минута разговора сажала батарею уже процентов на 5-8. Сейчас, через год использования, полного заряда не хватает даже до обеда, в режиме ожидания (ставил эксперимент в выходные, вообще не использовал) живет полтора-два дня. Сначала думал, что может, мне не повезло с экземпляром... Потом пару недель назад пришло уведомление о выходе новой прошивки, решил сменить - вдруг что улучшиться. Обновил прошивку и все, телефон практически перестал работать - стал нещадно тупить, глючить, самопроизвольно выключаться экран, перестал нормально заряжаться - стоит часа четыре на зарядке, а состояние батареи - 20%. Пришлось отдать ребенку для Энгри Бердс, а себе приобрел xenm более брендовую модель - взял Леново S580.Год назад покупал за 3990, уже пару месячцев спустя купил за те же деньги жене более навороченый агрегат, а сейчас смотрю и не понятно - кто за такую же стоимость приобретает такой отстой, когда и прогресс на месте не стоит, и конкуренты не дремлют.",2
160,"Покупала год назад, не дорогой был вариант. Если использовать только для разговоров - батареи хватает дня на 3-5, а вот при использовании интернета или приложений - максимум сутки.",3
161,"Аппаратом пользуюсь 2 недели. Ни разу не приходилось специально перезагружать (но на ночь выключаю всегда) - не подвисал. За такую цену (4900) конкурентов у него просто нет. Если производитель исправит косячки (а это не сложно, т.к. проблемки явно программные) и положит плёнку в комплект, то будет просто супер.",5
162,"Телефон отличный. Читала по отзывам что некоторые жалуются на то что телефон врет про свой заряд, но с такой проблемой сама не столкнулась. Телефон шустрый, удобный, андройд 4 очень радует, ибо у большиства фирм за такую цену только 2.3 . Он вполне удовлетворил мои потребности, а особенно радует его цена. Берите, не пожалеете.",5
163,"19.01.14 купил этот телефон, сразу обнаружились проблемы с сенсором в нижней части экрана, если зайти глубоко в какое-нибудь меню (например выбрать мелодию). На следующий день поменял на такой же. Однако и у этого проблема та же. Т.к. телефон по характеристикам меня вполне устраивал и аналогов ему я не нашел, не поленился, пошел и обменял уже в ТРЕТИЙ раз. Но и в третей модели все те-же проблемы с нижней частью сенсора (приходится нажимать по 3-5 раз). Сегодня понесу снова сдавать. Теперь вопрос к представителю Prestigio: это проблема как-то решается? Номер сборки: .......... 20131012.v1.0.26",1
164,"По дизайну, весу и толщине больше подойдёт мужчинам. Не для игр с акселерометром, да в принципе 4"" вообще не для игр,-для этого существуют планшеты. С остальным справляется ""на ура"".",4
165,"Молодцы разроботчики,сделали очень не плохой аппарат.Народ,берите смело,он точно стоит своих денег!!!",5
166,"Изначально хотел телефон с хорошим аккумулятором и внутренней памятью. По этим параметрам отлично подходил philips, но внешне он уступал htc. В итоге внешние параметры htc возобладали над практичностью. Собственно из-за внешнего вида я его и взял.",5
167,"Этот телефон-- просто слезы, обидно жесть. Такое Г, просто деньги на свалку. И по гарантии не вернуть, тк уже меняли экран. Ставлю 2, а не 1 только потому, что в интернете скорость у него восхитительная. Когда принесла его в сервис с разбитым экраном-- мастер принял со словами ""Как Вас угораздило купить ЭТО"" (((( короче, так мало я еще не пользовалась телефоном никогда, обычно года полтора-два.",2
168,"Пользуюсь телефоном практически 2 года. Плюсы1. Очень просто отремонтировать самому ничего не повредив (в интернете много видео по его разборке и сборке) 2. Пока что не лагал, не глючилПро звук и экран смысла говорить нет. Лично мне громкости,чтобы услышать звонок хватает  Минусы1. Задняя крышка быстро царапается (без чехла не обойтись)2. Фронтальная камера (часто фотографии получаются смазанные) 3. При играх сильно нагревается  4. Памяти не хватает (пришлось докупить карту памяти) 5. В первое время при наборе текста палец постоянно попадал на клавишу выхода, но это дело привычки6. Иногда вылетают приложения 7. Батарея. В первое время ее хватало на день. Сейчас портативный аккумулятор мой лучший друг.  8. Современные игры тянет с большим трудом.В целом я не особо доволен покупкой и рекомендую хорошо подумать перед покупкой данного телефона.",2
169,"Подарил жене на Новый год. Главными её требованиями  были большой экран, по мощнее камера и интернет. Всё есть. То что разряжается быстро  - её вообще не напрягает (везде, где она бывает, есть розетки, а если куда-то далеко ехать - есть внешний АКБ). По поводу ведроида - вполне нормальный и привычный 4.4.2. А насчёт ""не включаетя"" или долго думает - люди, где ваши глаза были!!! При покупке не проверить то, за что вы свои деньги отдаёте - это же вообще не знаю как назвать!",5
170,Выброшенные деньги! Не рекомендую категорически.,2
171,Эта модель протянула у меня всего год. Постоянные зависания и недостаток памяти заставил задуматься о покупке нового телефона.,3
172,"Телефон в целом отличный, и камера отличная",5
173,Доволен,3
174,после обновления ПО с исправлением бага с wi-fi камера потеряла пиксели((,4
175,Недорогой,5
176,"БРАТЬ не советую КАТЕГОРИЧЕСКИ, за такую цену можно и самсунг купить в 2 раза лучше и качественнее.",3
177,"В общем приобрел данный телефон и расстроился очень!Брал белый с бежевым кантом.Для начала отваливался Wi-Fi постоянно, но проблема решилась после обновления.Квадратики на экране ужасно стали раздражать через пару дней... Особенно видно при солнечном свете.Сколько телефонов не посмотрел после него, ни у одного такого не видел. В салоне сказали, что это особенность экрана, хотя мне кажется это особенность заводского брака)))Начал глючить датчик приближения, при разговоре через секунд 20-35 загорается экран и происходят нажатия щекой. У меня и время менял и интернет открывал и еще много всего)))Очень неудобно писать на клавиатуре, клавиша ""Пробел"" очень близко расположена с клавишей ""Домой"" и постоянно на нее нажимаешь, соответственно вылетаешь на главный экран!Камера точно не 13Мп!!! У жены Samsung который дешевле на 5.000 гораздо лучше фотографирует.Звук из динамика звонка тихий. Динамик разговорный то же непонятного качества - при разговоре нет четкой слышимости, часто все слова сливаются, такое ощущение, что все мои собеседники из каких то подвалов мне звонят!Задняя крышка очень сильно подвержена царапинам!В итоге отнес его в магазин на проверку качества, повезло, что 14 дней с покупки еще не истекло! В общем никому не советую его покупать, за такую цену есть много альтернатив!",2
178,Цена слишком завышена!,3
179,"Телефон очень понравился, относительно не дорогой, взял на замену старенькому Samsung Galaxy S2. У HTC отличный внешний вид, материал корпуса приятен на ощупь. Работает на мой взгляд без каких либо тормозов, хотя игрушками на андроиде не увлекаюсь. Из серьезных минусов: ЭКРАН - когда брал в салоне, не заметил, но на дневном свете (особенно когда экран бликует) видны прямоугольные ячейки. До сих пор не могу понять - так было задумано и это просто производственный момент или все таки брак?короткий обзор экрана можно посмотреть по ссылке на youtube: http://www.youtube.com/watch?v=P2ld38-yagAНа самом деле начинает сильно напрягать, чисто с эстетической точки зрения... Экран пластиковый - в этом есть и плюсы и минусы.WI_FI - скорей всего возникает программная ошибка. суть в том что как только телефон переходит в режим ожидания, пропадает вай фай, а также не находит домашний вай фай, только вручную кнопкой выключения/включения на телефоне. могу с уверенностью сказать что дело именно в телефоне.АНДРОИД 4.4.2 - буду банален, но запрет переноса приложений и скачивания какого либо контента на внешнюю sd карту заблокирован..!! зачем тогда нужна это карта??нет слов просто...",3
180,"Пользую месяц, пробовал ставить другую ""звонилку"", не помогло. Жаль что не почитал отзывы. Весьма разочарован. Никому не рекомендую.",2
181,"Опыт использования менее месяца. Купил, потому что привычная марка, знаешь, что ожидать. До этого был desire X. Действительно, камеры на прошлом были на порядок лучше.Но в 626 быстродействие заметно возросло, дисплей стал больше, но пиксели ненамного меньше, хотя устраивает.Перед покупкой внимательно изучайте характеристики, чтобы потом не возмущаться на отсутствие незаявленных функций (LTE, одновременный режим сим и пр.).Нужно понимать, что все дорожает, и чтобы оставить цену в 13000, нужно экономить на начинке.Но этот телефон стоит своих денег! Хочется всего? Тогда берите M9 или E8 за 25000+UPD после 4 месяцев использования почему-то заглючил (беспрерывно пытается включиться, но никак), сдал в сервис по гарантии, жду результата и  вынужден гонять с звонилкой (.",5
182,"Общее впечатление неплохое будем пользоваться дальше, номер заказа 26168988",3
183,Конечно это не HTC мягко говоря а породия на HTC...т.к у того же Desire 600 оболочка фирменая а не косящая под голый Android 4 и HTC Sense... Вообщем не берите G модели...,3
184,Телефон хороший,5
185,"Берите лучше HTC820. То же самое, но экран чуть побольше, память больше.",5
186,"перешла с нокии на HTC, первое что не понравилось, это соты которые видны при ярком солнечном свете, но как оказалось это нормальная особенность htc. Покупала телефон в июне, почти сразу как он вышел в продажу. понравился дизайн. Для меня оказался широкий, держа телефон в руке большой палец не дотягивается  до края телефона. Динамик один( в видеообзоре показывали что 2 динамика, по факту один внизу телефона).ПОкупала белый глянцевый на 15990р. радует что спустя пол года цена не упала)))Что касается камеры: на моей нокии 3.2мр, фоткает лучше, фронталка слабая.  Но я к своему телефончику привыкла. Огорчило на момент покупки что нет никаких чехлов и бамперов на телефон, но этот вопрос решил китайский сайт. Батареи для современного человека, который сидит в инете не хватит на день.  Про сутки я вообще молчу. На работе выключаю интернет напрочь, чтоб хватило доехать до дома.",4
187,"Выбирая этот телефон я тоже читал здесь комментарии по поводу модели, смотрел видео-обзоры - большинство категорично настроены против этого телефона, дескать гадкий утёнок и не HTC вовсе, а подвальный ""drm"" из Китая.. А я как Тирион из песни льда - ""питаю нежность к сломанным вещам."" - купил этот продукт с мыслями о предстоящей работе за китайцев.К моему удивлению, китайцы из HTC выпустили обновление (1.04. 401.4), в котором всё уже работает как должно было работать с начала выпуска.-GPS из коробки не работает без интернета, до момента точной настройки вашего местоположения из приложения в маркете (fasterGPS к примеру)-Частая проблема, из-за чувствительного дисплея, во время взаимодействия с клавиатурой мешаются наэкранные кнопки - дорога в маркет, за приложением которое скрывает эти наэкранные кнопки.-В игры не играю, вот что-что, про этот момент ничего не скажу, зато книжки читать на этом экране одно удовольствие! За недостаток принимают видную на свет матрицу экрана, но на деле абсолютно никакого дискомфорта это не доставляет, зато добавляет некоторый шарм :-)-SD-карта и невозможность устанавливать на неё приложения - это политика андроида 4.4, а не конкретно этого телефона. Решается опять же костылём, через приложения требующие права администратора на телефоне (вам дорога на 4pda)-Сам переводит часы? опять же вопросы к сотовому оператору или к любимому андроиду, но решается символическим действием в одну кнопку в программе Timezone Updater (которая также требует права администратора)-Камера достойная, не знаю какого качества ожидают от рядового модуля мтк на 13 мп, не зеркалка, но красивые ландыши запечатлить удастся :-) Снимал видео на стрелковом полигоне, вот уж где было громко, микрофон поймал все звуки и ничего не хрустело.-Громкость динамика подкрутил в инженерном меню, да, бывают телефоны и громче, но и этот справляется со своей задачей, кричит во всю. В наушниках музыку не слушаю.",5
188,быстро эффективно подобрали сотовый телефон htc,5
189,"Шикарный дизайн. По железу никаких претензий, 8 ядер в паре с гигом оперативки работают без тормозов. Очень доволен звучанием динамиков. Две камеры 13 и 5 МП делают достаточно четкие снимки. Радует их расположение на передней части корпуса - когда смотришь видео, звук направлен на тебя! Из недостатков - отсутствие 4G. Но для меня наличие двух сим-карт критичнее. Для тех же, кому нужен LTE, есть версия на одну сим. Замечательный аппарат за свои деньги.",5
190,"Никому не советую этот телефон, я купила и пожалела, что потратила такие деньги(",1
191,"перешла на эту модель после нокии люмии 920 - не сменила бы, если бы камера на люмии не крякнула(((пишу в сравнении с моим предыдущим телефоном:камера намного хуже-особенно автофокус; звук намного тише, хотя качество неплохое; разговорный динамик тихий - такое ощущение, что слишком сильное шумоподавление; но интернет в сравнении с люмией быстрее. хотелось бы побольше ""своей"" памяти.",3
192,За такие деньги это плохой вариант. Какой то кривой механизм извлзечения сим-карт.Вообщем плохой телефон,2
193,"хотела бы вернуть, не хватает времени",1
194,Работает с декабря без сбоев.,5
195,"Аккумулятор слабоват,но его хватает на целый день пользования интернтом.",4
196,"Вообще не особо обращаю внимания на мелочи, работает и ладно. Пользуюсь им постольку поскольку. Для пользователя, который не требует от телефона производительности дорогостоящей модели - находка. Да, цена слегка высокая, но я не пожалел о покупке. Работает прекрасно, за всё время пользования ни разу не подводил. Можно было бы ещё сказать пару слов об аккумуляторе, но андроид есть андроид, его на диету не посадишь.",4
197,"Вернули через неделю пользования, за эти деньги можно купить гораздо более приличный аппарат от другого производителя.",3
198,"Покупка не порадовала и года. После 5 месяцев использования стал сильно греться, батарея разряжалась за несколько часов, при зарядке также нагревался. В результате включается только при подключенной зарядке и после нескольких минут выключается сам. Обидно.",3
199,"На рынке хватает всевозможных вариантов! Но этот мне более по душе! После сони экспиреа м2 не долго привыкала. Камера,что надо!",5
